-0.5044444444444445, -0.009090909090909038
-0.4533333333333333, 0.22727272727272751
-0.4, 0.4181818181818183
-0.3511111111111111, 0.6090909090909092
-0.3022222222222222, 0.790909090909091
-0.2511111111111111, 0.940909090909091
-0.19777777777777777, 1.0636363636363637
-0.15333333333333332, 1.1181818181818184
-0.10222222222222221, 1.1090909090909093
-0.05111111111111111, 1.022727272727273
0, 0.881818181818182
0.053333333333333344, 0.7045454545454547
0.09999999999999998, 0.5181818181818183
0.15333333333333332, 0.3272727272727274
0.19777777777777772, 0.18181818181818188
0.2466666666666667, 0.08181818181818201
0.30000000000000004, 0.00909090909090926
0.3488888888888889, -0.045454545454545414
0.4, -0.05909090909090886
0.44666666666666666, -0.045454545454545414
0.4999999999999999, -0.027272727272727115
